{
  "train_loss": [
    1.1913598078489303,
    0.8216162073612213,
    0.6244838434457779,
    0.5103299009799958,
    0.44663013875484464,
    0.408907884657383,
    0.38735249400138855,
    0.37374734491109846,
    0.3645223933458328,
    0.35830624610185624,
    0.35377695828676226,
    0.35037347555160525,
    0.3477841192483902,
    0.3457626485824585,
    0.3441622510552406,
    0.3428867173194885,
    0.34185458332300184,
    0.34100875109434126,
    0.34031968265771867,
    0.3397337368130684,
    0.3392469358444214,
    0.33883392065763474,
    0.33847739309072494,
    0.33817518144845965,
    0.3379173156619072,
    0.33769540101289747,
    0.3375047013163567,
    0.3373392581939697,
    0.3371985369920731,
    0.33707958191633225,
    0.33697825312614443,
    0.3368971073627472,
    0.3368313053250313,
    0.3367762386798859,
    0.3367347601056099,
    0.3367036715149879,
    0.3366799414157867,
    0.3366677886247635,
    0.3366589668393135,
    0.33665770083665847
  ],
  "val_loss": [
    0.9418438535928726,
    0.757553488612175,
    0.6850192588567734,
    0.6500711756944656,
    0.6438231509923935,
    0.6399634498357772,
    0.6492522048950196,
    0.6459682941436767,
    0.6532866948843002,
    0.6596563732624054,
    0.6665796273946762,
    0.6733010631799697,
    0.6798446714878082,
    0.683702095746994,
    0.690047572851181,
    0.6932573562860489,
    0.6970227152109146,
    0.7015828347206116,
    0.7061478859186172,
    0.7085103744268417,
    0.7118961977958679,
    0.7133895945549011,
    0.7167396801710129,
    0.7187584728002548,
    0.7215762424468994,
    0.7236200070381165,
    0.7239394950866699,
    0.7261638647317886,
    0.7275821805000305,
    0.7291477549076081,
    0.7293398380279541,
    0.7307531678676605,
    0.7318803441524505,
    0.7319999575614929,
    0.7335610198974609,
    0.7325219917297363,
    0.7326267790794373,
    0.732530614733696,
    0.7329765629768371,
    0.7323791706562042
  ],
  "val_mean_dice": [
    0.4899022789210675,
    0.989404404183037,
    0.989405085609941,
    0.9894033787196113,
    0.9894038187858067,
    0.9894057839394913,
    0.989406407248835,
    0.9894067241989241,
    0.9894066476069006,
    0.9894067004290892,
    0.9894058156624936,
    0.9894052821697883,
    0.9894047934211706,
    0.9894067506096086,
    0.9894066740183529,
    0.98940638349637,
    0.9894067004289362,
    0.9894062250342986,
    0.9894034701703527,
    0.9894027121122919,
    0.9894011774717324,
    0.9894029551889971,
    0.9894011087000212,
    0.9893958889562295,
    0.9893914456978525,
    0.9893924917724765,
    0.9893957199499748,
    0.9893945603717299,
    0.9893865065186602,
    0.9893900690148547,
    0.9893780884247982,
    0.989391411250766,
    0.989393012327763,
    0.989385535883289,
    0.9893770345985435,
    0.9893908167353855,
    0.9893910543525648,
    0.9893863202382958,
    0.989384056135808,
    0.9893811318653979
  ]
}