{
  "train_loss": [
    1.325984034538269,
    1.094143830537796,
    0.9814465075731278,
    0.9137509971857071,
    0.8730389511585236,
    0.8501932907104492,
    0.8368129479885101,
    0.8284615850448609,
    0.8229599940776825,
    0.819156431555748,
    0.8164319378137589,
    0.8144119292497635,
    0.8128779858350754,
    0.8116865253448486,
    0.8107397389411927,
    0.809979932308197,
    0.8093602269887924,
    0.8088477301597595,
    0.8084221178293228,
    0.8080636602640152,
    0.8077619475126266,
    0.8075048142671585,
    0.8072842574119568,
    0.8070959365367889,
    0.8069342440366745,
    0.8067952191829681,
    0.8066752755641937,
    0.8065735095739365,
    0.806485955119133,
    0.8064117366075516,
    0.8063487702608109,
    0.806297299861908,
    0.8062549293041229,
    0.8062207406759262,
    0.8061948359012604,
    0.8061747884750367,
    0.806161225438118,
    0.8061526525020599,
    0.8061481064558029,
    0.8061459517478943
  ],
  "val_loss": [
    1.184144868850708,
    1.1444788599014282,
    1.0909401321411132,
    1.0855164051055908,
    1.0872843849658966,
    1.0929585707187652,
    1.1002413129806519,
    1.1075586521625518,
    1.114036580324173,
    1.1216178274154662,
    1.1276052331924438,
    1.1339178121089935,
    1.1368749380111693,
    1.1438995468616486,
    1.148996113538742,
    1.1521414470672608,
    1.1569689345359802,
    1.1607509291172027,
    1.1642964792251587,
    1.1661693930625916,
    1.170230166912079,
    1.1719161796569824,
    1.1750236785411834,
    1.1762532019615173,
    1.1783268928527832,
    1.1803980028629304,
    1.1822639334201812,
    1.1832209300994874,
    1.1851868093013764,
    1.1858305490016938,
    1.1872535514831544,
    1.1879507720470428,
    1.1887441742420197,
    1.1890892255306245,
    1.1895169055461883,
    1.1898491144180299,
    1.1899587202072144,
    1.1898814499378205,
    1.1900353693962098,
    1.1900818300247193
  ],
  "val_mean_dice": [
    0.9899612867946388,
    0.9894065842206332,
    0.9899125777449211,
    0.9894067796610224,
    0.9894067796610224,
    0.9894067796610224,
    0.9894067796610224,
    0.9894067796610224,
    0.9894067796610224,
    0.9894067796610224,
    0.9894067796610224,
    0.9894067796610224,
    0.9894067796610224,
    0.9894067796610224,
    0.9894067796610224,
    0.9894067796610224,
    0.9894067796610224,
    0.9894067796610224,
    0.9894067796610224,
    0.9894067796610224,
    0.9894067796610224,
    0.9894067796610224,
    0.9894067796610224,
    0.9894067796610224,
    0.9894067796610224,
    0.9894067796610224,
    0.9894067796610224,
    0.9894067796610224,
    0.9894067796610224,
    0.9894067796610224,
    0.9894067796610224,
    0.9894067796610224,
    0.9894067796610224,
    0.9894067796610224,
    0.9894067796610224,
    0.9894067796610224,
    0.9894067796610224,
    0.9894067796610224,
    0.9894067796610224,
    0.9894067796610224
  ]
}